{"initial_reset_timestamp": 1655382120.944862, "timestamps": [1655382134.338062], "episode_lengths": [308], "episode_rewards": [236.22364232994323], "episode_types": ["t"]}